1,0,122.464,0.008
2,0,66.615,0.000
3,0,40.072,0.000
4,0,25.319,0.004
5,0,14.586,0.004
6,0,10.706,0.000
7,0,9.061,0.000
8,0,7.852,0.000
9,0,7.551,0.012
10,0,7.186,0.004
11,0,6.991,0.008
12,0,6.854,0.008
13,0,6.663,0.004
14,0,6.597,0.000
15,0,6.797,0.000
16,0,6.641,0.012
17,0,6.575,0.016
18,0,6.517,0.004
19,0,6.483,0.012
20,0,6.422,0.016
21,0,6.409,0.004
22,0,6.391,0.004
23,0,6.260,0.008
24,0,6.249,0.004
25,0,6.412,0.000
26,0,6.147,0.012
27,0,6.259,0.000
28,0,6.103,0.012
29,0,6.071,0.000
30,0,5.949,0.008
31,0,5.915,0.004
32,0,5.995,0.004
33,0,5.787,0.008
34,0,5.900,0.000
35,0,5.758,0.008
36,0,5.793,0.000
37,0,5.764,0.012
38,0,5.636,0.008
39,0,5.643,0.008
40,0,5.533,0.020
41,0,5.615,0.016
42,0,5.577,0.008
43,0,5.621,0.000
44,0,5.562,0.012
45,0,5.559,0.008
46,0,5.486,0.004
47,0,5.539,0.004
48,0,5.410,0.012
49,0,5.456,0.016
50,0,5.439,0.012
51,0,5.341,0.000
52,0,5.381,0.008
53,0,5.343,0.004
54,0,5.366,0.004
55,0,5.332,0.012
56,0,5.376,0.012
57,0,5.255,0.020
58,0,5.371,0.008
59,0,5.289,0.008
60,0,5.224,0.031
61,0,5.341,0.004
62,0,5.242,0.004
63,0,5.285,0.012
64,0,5.338,0.004
65,0,5.239,0.020
66,0,5.260,0.016
67,0,5.328,0.008
68,0,5.206,0.012
69,0,5.308,0.012
70,0,5.242,0.027
71,0,5.274,0.016
72,0,5.202,0.016
73,0,5.217,0.020
74,0,5.295,0.004
75,0,5.219,0.012
76,0,5.194,0.023
77,0,5.225,0.008
78,0,5.153,0.008
79,0,5.094,0.012
80,0,5.087,0.008
81,0,5.256,0.020
82,0,5.171,0.004
83,0,5.158,0.039
84,0,5.190,0.020
85,0,5.197,0.008
86,0,5.177,0.000
87,0,5.190,0.004
88,0,5.159,0.008
89,0,5.146,0.012
90,0,5.228,0.004
91,0,5.216,0.016
92,0,5.324,0.023
93,0,5.272,0.004
94,0,5.282,0.027
95,0,5.344,0.012
96,0,5.220,0.020
97,0,5.210,0.004
98,0,5.380,0.008
99,0,5.265,0.020
100,0,5.290,0.016
101,0,5.210,0.027
102,0,5.215,0.027
103,0,5.202,0.031
104,0,5.201,0.035
105,0,5.191,0.023
106,0,5.248,0.027
107,0,5.253,0.008
108,0,5.140,0.008
109,0,5.181,0.020
110,0,5.249,0.031
111,0,5.174,0.008
112,0,5.272,0.020
113,0,5.217,0.023
114,0,5.235,0.012
115,0,5.178,0.059
116,0,5.284,0.031
117,0,5.193,0.012
118,0,5.139,0.020
119,0,5.312,0.016
120,0,5.184,0.031
121,0,5.170,0.023
122,0,5.085,0.020
123,0,5.310,0.020
124,0,5.304,0.012
125,0,5.298,0.016
126,0,5.146,0.016
127,0,5.073,0.035
128,0,5.107,0.031
129,0,5.122,0.016
130,0,5.136,0.016
131,0,5.082,0.039
132,0,5.313,0.008
133,0,5.209,0.039
134,0,5.208,0.016
135,0,5.174,0.023
136,0,5.198,0.027
137,0,5.322,0.031
138,0,5.151,0.012
139,0,5.268,0.020
140,0,5.119,0.020
141,0,5.125,0.012
142,0,5.116,0.043
143,0,5.109,0.027
144,0,5.128,0.004
145,0,5.120,0.020
146,0,5.257,0.008
147,0,5.064,0.016
148,0,5.281,0.008
149,0,5.032,0.016
150,0,5.107,0.020
151,0,5.034,0.027
152,0,5.158,0.031
153,0,5.135,0.020
154,0,5.163,0.031
155,0,5.121,0.027
156,0,5.002,0.031
157,0,5.106,0.027
158,0,5.032,0.035
159,0,5.192,0.008
160,0,5.111,0.023
161,0,5.119,0.023
162,0,5.148,0.031
163,0,5.043,0.027
164,0,5.079,0.023
165,0,5.229,0.031
166,0,5.106,0.020
167,0,5.073,0.035
168,0,4.985,0.035
169,0,5.070,0.016
170,0,5.183,0.012
171,0,5.119,0.031
172,0,5.086,0.031
173,0,5.080,0.027
174,0,5.144,0.039
175,0,5.147,0.035
176,0,5.016,0.016
177,0,4.969,0.035
178,0,5.152,0.031
179,0,5.210,0.031
180,0,5.210,0.016
181,0,5.039,0.016
182,0,5.022,0.039
183,0,5.110,0.023
184,0,5.097,0.020
185,0,5.106,0.016
186,0,5.101,0.016
187,0,5.026,0.051
188,0,5.136,0.023
189,0,5.119,0.031
190,0,5.051,0.039
191,0,4.975,0.043
192,0,5.137,0.027
193,0,5.092,0.027
194,0,5.181,0.039
195,0,4.988,0.039
196,0,5.147,0.031
197,0,4.983,0.020
198,0,5.027,0.035
199,0,5.043,0.027
200,0,5.158,0.016
201,0,4.984,0.035
202,0,5.108,0.035
203,0,4.959,0.051
204,0,5.021,0.020
205,0,5.239,0.027
206,0,5.149,0.020
207,0,5.027,0.023
208,0,4.940,0.066
209,0,4.918,0.047
210,0,5.029,0.020
211,0,4.990,0.023
212,0,5.167,0.031
213,0,5.170,0.023
214,0,5.023,0.039
215,0,5.118,0.047
216,0,5.084,0.031
217,0,5.072,0.039
218,0,5.215,0.027
219,0,5.037,0.043
220,0,5.156,0.031
221,0,5.031,0.043
222,0,5.242,0.023
223,0,4.960,0.047
224,0,5.084,0.055
225,0,5.214,0.023
226,0,5.073,0.027
227,0,5.007,0.031
228,0,5.084,0.043
229,0,5.069,0.051
230,0,5.138,0.016
231,0,5.047,0.039
232,0,5.065,0.039
233,0,5.079,0.020
234,0,5.019,0.039
235,0,5.039,0.031
236,0,5.230,0.020
237,0,5.117,0.027
238,0,5.116,0.039
239,0,5.163,0.035
240,0,4.966,0.055
241,0,5.034,0.047
242,0,4.906,0.043
243,0,4.969,0.023
244,0,5.025,0.023
245,0,4.946,0.035
246,0,5.123,0.020
247,0,4.986,0.055
248,0,5.104,0.039
249,0,5.166,0.043
250,0,5.098,0.035
251,0,4.887,0.008
252,0,5.124,0.020
253,0,5.185,0.012
254,0,5.059,0.027
255,0,5.150,0.039
256,0,4.960,0.023
257,0,5.101,0.023
258,0,5.246,0.039
259,0,5.065,0.039
260,0,5.126,0.031
261,0,5.022,0.020
262,0,5.056,0.031
263,0,4.993,0.027
264,0,5.027,0.035
265,0,5.004,0.051
266,0,5.044,0.020
267,0,4.902,0.051
268,0,5.059,0.039
269,0,4.847,0.043
270,0,5.001,0.039
271,0,5.046,0.035
272,0,4.965,0.055
273,0,4.958,0.066
274,0,4.908,0.074
275,0,4.872,0.059
276,0,5.079,0.039
277,0,4.964,0.059
278,0,4.996,0.020
279,0,5.020,0.027
280,0,5.078,0.035
281,0,5.009,0.047
282,0,4.927,0.051
283,0,5.274,0.020
284,0,5.011,0.055
285,0,5.105,0.035
286,0,5.007,0.047
287,0,5.145,0.039
288,0,5.040,0.043
289,0,5.196,0.023
290,0,5.090,0.020
291,0,5.180,0.031
292,0,5.007,0.031
293,0,5.197,0.031
294,0,5.156,0.023
295,0,5.080,0.055
296,0,5.067,0.031
297,0,5.066,0.035
298,0,4.974,0.039
299,0,4.937,0.062
300,0,5.127,0.039
301,0,5.148,0.012
302,0,4.971,0.043
303,0,5.039,0.043
304,0,4.788,0.031
305,0,5.119,0.035
306,0,5.116,0.027
307,0,5.024,0.027
308,0,5.003,0.012
309,0,4.791,0.043
310,0,4.924,0.043
311,0,5.002,0.031
312,0,5.161,0.035
313,0,5.054,0.043
314,0,5.091,0.031
315,0,4.852,0.074
316,0,4.952,0.051
317,0,5.075,0.062
318,0,5.114,0.055
319,0,4.990,0.039
320,0,4.999,0.039
321,0,4.963,0.047
322,0,4.966,0.059
323,0,5.097,0.035
324,0,4.949,0.043
325,0,5.062,0.059
326,0,5.071,0.055
327,0,5.044,0.062
328,0,4.910,0.055
329,0,4.882,0.055
330,0,4.906,0.062
331,0,5.019,0.047
332,0,4.932,0.043
333,0,5.123,0.043
334,0,5.095,0.055
335,0,4.948,0.051
336,0,5.018,0.051
337,0,4.967,0.066
338,0,5.029,0.035
339,0,4.997,0.039
340,0,5.093,0.039
341,0,5.134,0.035
342,0,4.739,0.059
343,0,5.253,0.031
344,0,4.962,0.047
345,0,5.013,0.043
346,0,5.020,0.062
347,0,4.922,0.027
348,0,4.976,0.035
349,0,4.947,0.062
350,0,4.946,0.043
351,0,4.956,0.043
352,0,4.963,0.035
353,0,4.909,0.059
354,0,4.860,0.062
355,0,5.040,0.035
356,0,5.134,0.051
357,0,5.096,0.027
358,0,5.114,0.043
359,0,4.988,0.051
360,0,4.927,0.047
361,0,4.989,0.039
362,0,4.974,0.078
363,0,4.941,0.035
364,0,4.884,0.047
365,0,5.094,0.043
366,0,5.002,0.055
367,0,5.047,0.035
368,0,5.144,0.031
369,0,5.111,0.043
370,0,4.967,0.070
371,0,4.950,0.062
372,0,5.024,0.043
373,0,4.894,0.074
374,0,5.051,0.070
375,0,5.049,0.051
376,0,5.145,0.023
377,0,5.003,0.051
378,0,5.124,0.035
379,0,4.939,0.055
380,0,4.928,0.066
381,0,4.955,0.031
382,0,4.778,0.043
383,0,5.039,0.031
384,0,5.097,0.043
385,0,5.043,0.039
386,0,5.106,0.055
387,0,5.037,0.055
388,0,5.089,0.098
389,0,4.986,0.059
390,0,4.960,0.047
391,0,4.933,0.059
392,0,5.078,0.039
393,0,4.968,0.039
394,0,5.075,0.055
395,0,4.991,0.023
396,0,5.067,0.035
397,0,4.865,0.051
398,0,4.950,0.055
399,0,5.098,0.027
400,0,4.898,0.066
401,0,5.267,0.035
402,0,4.973,0.043
403,0,5.153,0.020
404,0,5.004,0.055
405,0,4.867,0.047
406,0,5.172,0.039
407,0,5.075,0.062
408,0,4.968,0.074
409,0,5.131,0.047
410,0,5.003,0.043
411,0,4.993,0.039
412,0,4.935,0.027
413,0,4.973,0.066
414,0,5.177,0.035
415,0,5.096,0.062
416,0,5.136,0.023
417,0,5.011,0.035
418,0,5.013,0.055
419,0,4.954,0.062
420,0,5.150,0.031
421,0,5.124,0.031
422,0,5.147,0.043
423,0,5.016,0.074
424,0,5.169,0.031
425,0,5.188,0.027
426,0,5.120,0.039
427,0,5.002,0.066
428,0,4.991,0.059
429,0,4.870,0.062
430,0,5.069,0.031
431,0,5.146,0.031
432,0,4.932,0.074
433,0,4.854,0.078
434,0,4.992,0.020
435,0,4.974,0.047
436,0,5.058,0.043
437,0,5.003,0.031
438,0,5.208,0.031
439,0,4.913,0.062
440,0,4.834,0.059
441,0,5.044,0.027
442,0,5.032,0.070
443,0,4.942,0.074
444,0,4.884,0.078
445,0,5.096,0.047
446,0,4.967,0.098
447,0,4.828,0.055
448,0,5.038,0.051
449,0,4.718,0.070
450,0,4.959,0.070
451,0,5.082,0.023
452,0,4.866,0.078
453,0,4.929,0.066
454,0,4.979,0.051
455,0,5.088,0.031
456,0,5.146,0.055
457,0,4.930,0.035
458,0,5.225,0.035
459,0,5.163,0.043
460,0,5.061,0.023
461,0,4.966,0.082
462,0,5.031,0.070
463,0,5.091,0.074
464,0,4.888,0.066
465,0,5.014,0.023
466,0,5.098,0.039
467,0,4.864,0.066
468,0,5.169,0.062
469,0,4.948,0.059
470,0,5.003,0.031
471,0,5.024,0.043
472,0,5.185,0.039
473,0,4.974,0.035
474,0,5.144,0.035
475,0,5.139,0.047
476,0,4.914,0.090
477,0,4.872,0.047
478,0,5.021,0.031
479,0,4.927,0.062
480,0,5.031,0.043
481,0,5.054,0.039
482,0,4.838,0.059
483,0,5.453,0.031
484,0,5.293,0.047
485,0,5.019,0.047
486,0,4.991,0.070
487,0,5.177,0.078
488,0,5.035,0.035
489,0,5.141,0.055
490,0,5.224,0.043
491,0,5.041,0.043
492,0,5.244,0.059
493,0,5.066,0.035
494,0,5.093,0.027
495,0,4.940,0.070
496,0,5.019,0.051
497,0,5.099,0.043
498,0,5.061,0.031
499,0,4.976,0.055
500,0,4.955,0.043
501,0,5.126,0.031
502,0,5.105,0.031
503,0,4.917,0.070
504,0,5.049,0.047
505,0,4.888,0.078
506,0,5.084,0.039
507,0,5.358,0.027
508,0,5.091,0.062
509,0,5.096,0.047
510,0,5.112,0.043
511,0,5.148,0.086
512,0,5.042,0.062
513,0,5.138,0.047
514,0,5.095,0.043
515,0,5.156,0.043
516,0,5.222,0.074
517,0,4.978,0.059
518,0,5.173,0.051
519,0,4.988,0.047
520,0,5.110,0.035
521,0,5.000,0.051
522,0,5.050,0.070
523,0,4.913,0.035
524,0,4.905,0.074
525,0,4.923,0.043
526,0,5.015,0.078
527,0,5.129,0.055
528,0,5.257,0.055
529,0,4.937,0.066
530,0,5.110,0.035
531,0,5.016,0.055
532,0,5.191,0.055
533,0,4.988,0.066
534,0,5.261,0.039
535,0,5.117,0.035
536,0,4.980,0.051
537,0,4.959,0.074
538,0,5.080,0.062
539,0,4.982,0.051
540,0,5.066,0.047
541,0,4.948,0.066
542,0,5.142,0.039
543,0,4.980,0.059
544,0,4.982,0.062
545,0,5.070,0.074
546,0,5.078,0.070
547,0,4.952,0.059
548,0,4.865,0.062
549,0,5.043,0.031
550,0,5.008,0.047
551,0,5.075,0.043
552,0,5.340,0.027
553,0,5.058,0.035
554,0,5.036,0.059
555,0,5.126,0.047
556,0,4.995,0.031
557,0,5.055,0.055
558,0,5.126,0.066
559,0,4.995,0.043
560,0,5.034,0.039
561,0,5.068,0.043
562,0,5.047,0.055
563,0,4.876,0.055
564,0,4.952,0.051
565,0,5.076,0.027
566,0,5.096,0.051
567,0,4.984,0.051
568,0,5.005,0.047
569,0,4.904,0.055
570,0,4.963,0.062
571,0,4.870,0.074
572,0,5.119,0.055
573,0,5.189,0.031
574,0,5.126,0.035
575,0,4.982,0.078
576,0,4.955,0.055
577,0,5.225,0.062
578,0,5.021,0.055
579,0,4.756,0.109
580,0,5.012,0.082
581,0,4.829,0.078
582,0,5.072,0.043
583,0,5.212,0.031
584,0,5.260,0.047
585,0,4.927,0.051
586,0,5.106,0.043
587,0,5.089,0.039
588,0,5.112,0.066
589,0,5.186,0.055
590,0,5.076,0.051
591,0,5.123,0.043
592,0,5.143,0.051
593,0,4.965,0.074
594,0,4.998,0.055
595,0,5.108,0.078
596,0,4.997,0.082
597,0,5.031,0.055
598,0,4.997,0.059
599,0,5.056,0.059
600,0,5.031,0.074
601,0,5.095,0.047
602,0,5.084,0.059
603,0,4.985,0.070
604,0,5.028,0.059
605,0,4.894,0.043
606,0,5.128,0.020
607,0,4.959,0.074
608,0,4.976,0.051
609,0,5.144,0.059
610,0,5.036,0.055
611,0,5.318,0.035
612,0,4.987,0.066
613,0,5.176,0.074
614,0,5.073,0.051
615,0,5.156,0.039
616,0,5.117,0.070
617,0,5.034,0.055
618,0,5.026,0.066
619,0,5.035,0.078
620,0,5.074,0.043
621,0,4.784,0.047
622,0,5.046,0.055
623,0,4.924,0.078
624,0,4.964,0.070
625,0,5.041,0.086
626,0,4.988,0.055
627,0,5.042,0.070
628,0,5.128,0.051
629,0,5.010,0.031
630,0,5.133,0.027
631,0,5.087,0.059
632,0,5.054,0.047
633,0,4.989,0.051
634,0,5.271,0.047
635,0,5.139,0.047
636,0,5.131,0.051
637,0,4.996,0.059
638,0,5.133,0.051
639,0,5.017,0.062
640,0,5.288,0.055
641,0,5.143,0.062
642,0,4.978,0.074
643,0,5.220,0.055
644,0,5.145,0.059
645,0,5.028,0.066
646,0,5.065,0.059
647,0,5.094,0.074
648,0,4.993,0.043
649,0,5.238,0.035
650,0,5.053,0.062
651,0,5.043,0.051
652,0,4.998,0.055
653,0,5.201,0.051
654,0,5.132,0.070
655,0,5.139,0.070
656,0,5.032,0.043
657,0,5.267,0.051
658,0,5.209,0.039
659,0,5.117,0.051
660,0,5.169,0.043
661,0,5.176,0.035
662,0,4.985,0.062
663,0,5.068,0.066
664,0,4.928,0.090
665,0,5.153,0.051
666,0,5.066,0.059
667,0,4.992,0.062
668,0,4.942,0.066
669,0,5.239,0.070
670,0,4.857,0.059
671,0,5.265,0.055
672,0,4.947,0.074
673,0,5.227,0.059
674,0,4.892,0.074
675,0,4.975,0.051
676,0,5.096,0.047
677,0,5.000,0.059
678,0,5.156,0.047
679,0,5.061,0.047
680,0,5.134,0.055
681,0,5.142,0.059
682,0,5.096,0.059
683,0,4.937,0.059
684,0,5.070,0.047
685,0,5.037,0.055
686,0,4.953,0.066
687,0,5.118,0.051
688,0,5.037,0.062
689,0,5.066,0.062
690,0,5.142,0.039
691,0,5.093,0.066
692,0,4.981,0.062
693,0,5.043,0.055
694,0,5.122,0.039
695,0,5.123,0.035
696,0,5.198,0.055
697,0,5.016,0.043
698,0,4.911,0.066
699,0,5.103,0.059
700,0,5.002,0.066
701,0,4.930,0.070
702,0,5.193,0.047
703,0,5.280,0.059
704,0,5.015,0.074
705,0,5.119,0.039
706,0,5.027,0.078
707,0,5.174,0.043
708,0,4.872,0.074
709,0,5.231,0.074
710,0,5.014,0.090
711,0,5.000,0.082
712,0,5.286,0.023
713,0,4.957,0.074
714,0,5.117,0.051
715,0,5.110,0.047
716,0,4.988,0.090
717,0,5.157,0.074
718,0,4.948,0.070
719,0,5.119,0.039
720,0,4.932,0.066
721,0,4.973,0.090
722,0,4.863,0.062
723,0,4.923,0.102
724,0,5.124,0.062
725,0,5.038,0.066
726,0,5.009,0.062
727,0,5.092,0.074
728,0,5.006,0.074
729,0,5.083,0.082
730,0,5.329,0.039
731,0,5.004,0.094
732,0,5.047,0.062
733,0,4.985,0.059
734,0,4.923,0.086
735,0,4.994,0.066
736,0,5.003,0.074
737,0,5.075,0.059
738,0,4.917,0.070
739,0,4.960,0.078
740,0,4.980,0.047
741,0,4.968,0.066
742,0,4.899,0.098
743,0,5.219,0.059
744,0,5.135,0.047
745,0,4.987,0.062
746,0,5.139,0.059
747,0,5.012,0.074
748,0,5.055,0.066
749,0,5.053,0.086
750,0,4.969,0.074
751,0,5.113,0.055
752,0,5.011,0.078
753,0,5.195,0.066
754,0,5.173,0.062
755,0,5.095,0.055
756,0,5.155,0.070
757,0,5.047,0.074
758,0,5.208,0.066
759,0,4.885,0.074
760,0,5.116,0.074
761,0,5.039,0.074
762,0,4.987,0.070
763,0,5.234,0.055
764,0,5.057,0.062
765,0,4.961,0.086
766,0,5.176,0.074
767,0,4.971,0.078
768,0,5.177,0.078
769,0,5.128,0.051
770,0,4.958,0.090
771,0,5.065,0.051
772,0,5.120,0.062
773,0,5.067,0.059
774,0,4.975,0.098
775,0,5.129,0.062
776,0,5.042,0.047
777,0,5.116,0.055
778,0,5.030,0.055
779,0,5.032,0.070
780,0,5.158,0.059
781,0,5.137,0.039
782,0,5.273,0.047
783,0,5.035,0.105
784,0,4.826,0.082
785,0,5.103,0.066
786,0,5.020,0.055
787,0,5.111,0.070
788,0,5.066,0.055
789,0,5.305,0.070
790,0,5.190,0.062
791,0,4.823,0.070
792,0,4.946,0.078
793,0,5.083,0.078
794,0,4.944,0.113
795,0,5.016,0.121
796,0,5.000,0.078
797,0,4.955,0.070
798,0,4.971,0.059
799,0,4.892,0.051
800,0,4.981,0.070
801,0,5.069,0.047
802,0,4.939,0.070
803,0,4.943,0.082
804,0,4.966,0.062
805,0,4.959,0.090
806,0,4.990,0.059
807,0,5.253,0.062
808,0,5.146,0.035
809,0,4.996,0.059
810,0,4.911,0.090
811,0,5.065,0.074
812,0,5.214,0.062
813,0,5.152,0.035
814,0,4.971,0.059
815,0,5.007,0.062
816,0,5.155,0.090
817,0,5.039,0.027
818,0,5.229,0.059
819,0,5.014,0.074
820,0,5.203,0.070
821,0,4.961,0.070
822,0,4.897,0.086
823,0,4.981,0.059
824,0,5.141,0.066
825,0,4.950,0.039
826,0,5.004,0.070
827,0,5.064,0.059
828,0,4.947,0.078
829,0,4.891,0.074
830,0,5.185,0.039
831,0,4.936,0.047
832,0,4.831,0.082
833,0,4.961,0.082
834,0,5.005,0.086
835,0,4.999,0.074
836,0,5.283,0.062
837,0,5.253,0.062
838,0,5.077,0.074
839,0,5.130,0.066
840,0,5.016,0.102
841,0,5.220,0.051
842,0,5.094,0.066
843,0,5.104,0.059
844,0,5.072,0.074
845,0,4.923,0.051
846,0,5.058,0.078
847,0,5.091,0.070
848,0,5.080,0.090
849,0,5.255,0.051
850,0,5.098,0.043
851,0,4.893,0.066
852,0,5.169,0.055
853,0,5.140,0.062
854,0,5.009,0.070
855,0,4.845,0.098
856,0,4.996,0.047
857,0,4.960,0.062
858,0,4.964,0.070
859,0,5.227,0.070
860,0,4.914,0.062
861,0,4.986,0.070
862,0,4.875,0.090
863,0,5.128,0.055
864,0,4.982,0.086
865,0,4.810,0.090
866,0,5.103,0.055
867,0,4.848,0.082
868,0,4.953,0.094
869,0,4.992,0.078
870,0,5.211,0.059
871,0,4.924,0.066
872,0,4.899,0.062
873,0,5.123,0.066
874,0,4.935,0.078
875,0,5.216,0.070
876,0,5.176,0.062
877,0,5.078,0.047
878,0,4.968,0.074
879,0,4.889,0.090
880,0,4.961,0.066
881,0,5.013,0.082
882,0,4.897,0.082
883,0,5.048,0.062
884,0,5.272,0.059
885,0,5.149,0.059
886,0,5.028,0.059
887,0,5.028,0.051
888,0,5.134,0.027
889,0,5.281,0.066
890,0,5.022,0.090
891,0,5.157,0.059
892,0,5.077,0.062
893,0,5.278,0.047
894,0,5.185,0.059
895,0,4.985,0.039
896,0,5.065,0.055
897,0,5.103,0.066
898,0,5.058,0.066
899,0,5.106,0.078
900,0,5.037,0.066
901,0,5.048,0.047
902,0,5.072,0.074
903,0,5.038,0.078
904,0,5.056,0.055
905,0,5.257,0.059
906,0,5.051,0.062
907,0,5.163,0.078
908,0,4.979,0.043
909,0,4.982,0.082
910,0,4.894,0.090
911,0,5.042,0.082
912,0,4.967,0.059
913,0,4.974,0.062
914,0,4.867,0.066
915,0,4.964,0.082
916,0,5.047,0.047
917,0,4.994,0.082
918,0,5.069,0.059
919,0,5.061,0.043
920,0,4.863,0.090
921,0,5.279,0.051
922,0,5.104,0.062
923,0,5.066,0.070
924,0,4.873,0.078
925,0,4.973,0.117
926,0,5.155,0.043
927,0,5.284,0.055
928,0,4.851,0.078
929,0,5.185,0.051
930,0,5.086,0.043
931,0,5.088,0.070
932,0,4.921,0.078
933,0,5.102,0.070
934,0,4.848,0.102
935,0,5.056,0.078
936,0,4.892,0.059
937,0,5.103,0.082
938,0,4.900,0.066
939,0,5.009,0.062
940,0,4.930,0.086
941,0,4.989,0.078
942,0,5.104,0.039
943,0,5.163,0.039
944,0,5.151,0.047
945,0,5.164,0.055
946,0,4.887,0.070
947,0,5.158,0.078
948,0,5.144,0.062
949,0,4.887,0.059
950,0,5.007,0.074
951,0,4.909,0.078
952,0,5.186,0.059
953,0,5.039,0.062
954,0,5.012,0.059
955,0,5.109,0.066
956,0,5.264,0.055
957,0,4.965,0.051
958,0,5.041,0.090
959,0,5.113,0.055
960,0,4.874,0.086
961,0,5.151,0.062
962,0,5.054,0.070
963,0,5.210,0.059
964,0,5.120,0.059
965,0,4.985,0.066
966,0,5.024,0.059
967,0,5.071,0.051
968,0,5.199,0.070
969,0,5.172,0.098
970,0,5.036,0.047
971,0,4.957,0.078
972,0,4.791,0.094
973,0,5.126,0.051
974,0,4.933,0.078
975,0,4.903,0.070
976,0,4.967,0.066
977,0,5.084,0.066
978,0,5.047,0.082
979,0,4.907,0.098
980,0,4.990,0.086
981,0,5.109,0.055
982,0,5.014,0.066
983,0,4.901,0.086
984,0,5.111,0.055
985,0,5.077,0.082
986,0,5.216,0.090
987,0,5.056,0.062
988,0,4.983,0.074
989,0,5.131,0.066
990,0,4.948,0.090
991,0,4.998,0.066
992,0,5.141,0.062
993,0,4.940,0.074
994,0,5.052,0.094
995,0,5.221,0.059
996,0,4.979,0.047
997,0,4.905,0.082
998,0,4.995,0.043
999,0,4.970,0.047
1000,0,5.212,0.059
1001,0,4.884,0.055
1002,0,5.022,0.094
1003,0,4.987,0.047
1004,0,5.076,0.066
1005,0,4.962,0.070
1006,0,5.082,0.059
1007,0,5.068,0.070
1008,0,5.222,0.055
1009,0,5.102,0.051
1010,0,5.064,0.055
1011,0,5.046,0.031
1012,0,5.051,0.062
1013,0,5.081,0.035
1014,0,4.774,0.109
1015,0,5.036,0.062
1016,0,5.064,0.051
1017,0,5.035,0.059
1018,0,5.128,0.082
1019,0,5.133,0.062
1020,0,4.816,0.043
1021,0,4.989,0.062
1022,0,5.034,0.098
1023,0,4.978,0.078
1024,0,5.078,0.086
1025,0,5.010,0.027
1026,0,5.354,0.051
1027,0,4.966,0.039
1028,0,4.784,0.109
1029,0,5.083,0.082
1030,0,4.973,0.062
1031,0,5.020,0.070
1032,0,4.978,0.066
1033,0,5.146,0.066
1034,0,4.970,0.090
1035,0,5.044,0.051
1036,0,4.977,0.105
1037,0,5.156,0.051
1038,0,5.136,0.055
1039,0,4.867,0.094
1040,0,4.984,0.098
1041,0,4.941,0.086
1042,0,5.117,0.070
1043,0,5.059,0.062
1044,0,5.252,0.074
1045,0,4.992,0.086
1046,0,5.067,0.078
1047,0,5.149,0.062
1048,0,5.059,0.055
1049,0,4.786,0.074
1050,0,5.242,0.086
1051,0,5.030,0.062
1052,0,4.934,0.035
1053,0,4.870,0.074
1054,0,4.984,0.074
1055,0,4.894,0.098
1056,0,5.102,0.039
1057,0,4.867,0.094
1058,0,5.038,0.062
1059,0,5.030,0.094
1060,0,5.028,0.055
1061,0,5.255,0.043
1062,0,5.208,0.074
1063,0,5.098,0.047
1064,0,5.006,0.098
1065,0,5.070,0.055
1066,0,5.046,0.078
1067,0,4.954,0.074
1068,0,5.007,0.066
1069,0,4.951,0.082
1070,0,4.899,0.078
1071,0,5.162,0.098
1072,0,5.150,0.059
1073,0,5.044,0.062
1074,0,4.868,0.062
1075,0,4.790,0.074
1076,0,5.148,0.074
1077,0,4.952,0.059
1078,0,5.296,0.066
1079,0,5.111,0.082
1080,0,4.999,0.059
1081,0,4.912,0.070
1082,0,4.954,0.062
1083,0,5.174,0.066
1084,0,4.801,0.078
1085,0,5.042,0.086
1086,0,5.089,0.094
1087,0,5.097,0.066
1088,0,5.186,0.043
1089,0,5.167,0.051
1090,0,4.983,0.066
1091,0,5.069,0.055
1092,0,5.060,0.074
1093,0,5.134,0.051
1094,0,5.065,0.082
1095,0,5.068,0.086
1096,0,5.064,0.059
1097,0,5.014,0.074
1098,0,5.128,0.070
1099,0,5.043,0.059
1100,0,5.015,0.090
1101,0,4.906,0.074
1102,0,4.952,0.094
1103,0,5.099,0.043
1104,0,5.016,0.086
1105,0,4.924,0.090
1106,0,5.030,0.074
1107,0,4.897,0.062
1108,0,5.047,0.047
1109,0,5.163,0.066
1110,0,5.117,0.070
1111,0,4.934,0.086
1112,0,4.989,0.121
1113,0,4.986,0.059
1114,0,4.990,0.105
1115,0,5.022,0.047
1116,0,4.986,0.098
1117,0,4.928,0.074
1118,0,5.143,0.078
1119,0,4.820,0.066
1120,0,4.939,0.078
1121,0,5.170,0.062
1122,0,4.914,0.094
1123,0,4.931,0.102
1124,0,5.017,0.094
1125,0,4.972,0.070
1126,0,5.047,0.051
1127,0,4.868,0.074
1128,0,4.875,0.082
1129,0,4.893,0.074
1130,0,5.140,0.055
1131,0,5.122,0.059
1132,0,5.138,0.066
1133,0,4.908,0.082
1134,0,5.032,0.086
1135,0,5.074,0.070
1136,0,4.918,0.113
1137,0,4.992,0.074
1138,0,4.938,0.051
1139,0,5.045,0.059
1140,0,4.835,0.094
1141,0,5.141,0.074
1142,0,4.844,0.039
1143,0,5.110,0.062
1144,0,4.989,0.078
1145,0,5.101,0.047
1146,0,5.113,0.070
1147,0,5.080,0.062
1148,0,5.350,0.055
1149,0,5.168,0.035
1150,0,5.077,0.070
1151,0,4.993,0.098
1152,0,4.952,0.090
1153,0,5.072,0.074
1154,0,5.276,0.082
1155,0,4.763,0.098
1156,0,5.249,0.066
1157,0,5.238,0.066
1158,0,5.202,0.047
1159,0,5.053,0.094
1160,0,5.173,0.070
1161,0,5.118,0.055
1162,0,5.134,0.070
1163,0,5.176,0.035
1164,0,4.952,0.078
1165,0,5.070,0.066
1166,0,5.000,0.090
1167,0,5.088,0.074
1168,0,5.243,0.066
1169,0,4.885,0.086
1170,0,5.164,0.078
1171,0,5.176,0.070
1172,0,5.082,0.094
1173,0,5.089,0.070
1174,0,5.089,0.078
1175,0,5.078,0.039
1176,0,4.987,0.062
1177,0,5.240,0.066
1178,0,5.084,0.082
1179,0,5.072,0.102
1180,0,4.966,0.098
1181,0,5.053,0.102
1182,0,5.068,0.059
1183,0,4.993,0.070
1184,0,4.984,0.078
1185,0,5.124,0.051
1186,0,4.928,0.102
1187,0,5.161,0.051
1188,0,4.919,0.082
1189,0,5.363,0.051
1190,0,4.892,0.074
1191,0,5.004,0.055
1192,0,4.920,0.078
1193,0,4.968,0.066
1194,0,5.026,0.066
1195,0,5.102,0.059
1196,0,4.869,0.137
1197,0,5.016,0.059
1198,0,5.126,0.074
1199,0,4.949,0.070
1200,0,5.066,0.074
1201,0,5.008,0.082
1202,0,4.861,0.066
1203,0,4.832,0.113
1204,0,5.140,0.066
1205,0,5.253,0.070
1206,0,5.147,0.086
1207,0,5.002,0.086
1208,0,4.886,0.074
1209,0,5.403,0.051
1210,0,5.144,0.055
1211,0,5.178,0.078
1212,0,5.133,0.055
1213,0,5.012,0.090
1214,0,5.070,0.066
1215,0,5.065,0.055
1216,0,5.147,0.090
1217,0,5.149,0.082
1218,0,4.894,0.105
1219,0,4.962,0.059
1220,0,5.024,0.074
1221,0,5.159,0.051
1222,0,5.077,0.059
1223,0,4.895,0.062
1224,0,5.252,0.070
1225,0,4.999,0.074
1226,0,4.919,0.078
1227,0,4.955,0.098
1228,0,5.056,0.059
1229,0,4.796,0.090
1230,0,5.099,0.078
1231,0,4.820,0.094
1232,0,5.083,0.059
1233,0,5.080,0.078
1234,0,4.882,0.090
1235,0,5.021,0.070
1236,0,5.345,0.082
1237,0,5.028,0.070
1238,0,4.938,0.082
1239,0,5.017,0.051
1240,0,5.539,0.059
1241,0,5.111,0.113
1242,0,5.110,0.059
1243,0,5.127,0.059
1244,0,5.061,0.055
1245,0,5.039,0.086
1246,0,5.271,0.059
1247,0,5.024,0.078
1248,0,4.932,0.094
1249,0,5.140,0.066
1250,0,4.887,0.070
1251,0,5.064,0.055
1252,0,5.095,0.070
1253,0,5.138,0.070
1254,0,5.303,0.047
1255,0,4.837,0.090
1256,0,4.976,0.066
1257,0,4.986,0.102
1258,0,5.009,0.074
1259,0,4.945,0.102
1260,0,4.996,0.078
1261,0,5.009,0.051
1262,0,5.192,0.047
1263,0,5.121,0.070
1264,0,5.036,0.066
1265,0,5.322,0.051
1266,0,5.055,0.090
1267,0,4.897,0.070
1268,0,4.906,0.117
1269,0,5.115,0.059
1270,0,4.924,0.078
1271,0,5.064,0.059
1272,0,4.908,0.066
1273,0,5.129,0.078
1274,0,5.081,0.070
1275,0,5.166,0.059
1276,0,4.966,0.094
1277,0,4.924,0.082
1278,0,4.952,0.078
1279,0,5.217,0.055
1280,0,5.006,0.074
1281,0,5.260,0.090
1282,0,5.227,0.043
1283,0,5.116,0.051
1284,0,5.011,0.078
1285,0,4.987,0.098
1286,0,4.909,0.102
1287,0,4.780,0.109
1288,0,4.973,0.109
1289,0,5.005,0.070
1290,0,5.299,0.070
1291,0,4.891,0.086
1292,0,5.089,0.051
1293,0,5.098,0.055
1294,0,4.989,0.109
1295,0,5.008,0.094
1296,0,5.018,0.105
1297,0,5.077,0.078
1298,0,5.012,0.070
1299,0,5.043,0.098
1300,0,5.113,0.043
1301,0,5.313,0.066
1302,0,5.061,0.078
1303,0,4.809,0.074
1304,0,4.994,0.062
1305,0,4.928,0.082
1306,0,5.063,0.082
1307,0,5.011,0.070
1308,0,4.805,0.070
1309,0,5.014,0.070
1310,0,5.083,0.074
1311,0,4.999,0.074
1312,0,5.115,0.059
1313,0,5.033,0.066
1314,0,4.878,0.094
1315,0,4.931,0.051
1316,0,4.954,0.066
1317,0,4.979,0.078
1318,0,5.054,0.086
1319,0,5.088,0.105
1320,0,5.020,0.066
1321,0,4.930,0.082
1322,0,5.099,0.082
1323,0,4.900,0.098
1324,0,5.043,0.055
1325,0,4.961,0.109
1326,0,5.138,0.082
1327,0,5.190,0.059
1328,0,5.059,0.078
1329,0,4.924,0.074
1330,0,5.065,0.070
1331,0,5.082,0.082
1332,0,4.889,0.098
1333,0,4.984,0.094
1334,0,4.794,0.113
1335,0,4.959,0.055
1336,0,4.764,0.086
1337,0,4.857,0.086
1338,0,4.963,0.117
1339,0,4.979,0.109
1340,0,4.681,0.168
1341,0,5.113,0.074
1342,0,5.010,0.082
1343,0,5.094,0.105
1344,0,4.831,0.082
1345,0,4.926,0.129
1346,0,5.104,0.078
1347,0,4.992,0.102
1348,0,5.191,0.055
1349,0,5.016,0.066
1350,0,5.095,0.066
1351,0,4.954,0.102
1352,0,4.926,0.078
1353,0,4.849,0.066
1354,0,5.014,0.086
1355,0,4.947,0.098
1356,0,4.992,0.094
1357,0,4.817,0.074
1358,0,5.098,0.066
1359,0,4.750,0.082
1360,0,4.784,0.094
1361,0,4.737,0.113
1362,0,5.114,0.086
1363,0,5.036,0.082
1364,0,5.128,0.090
1365,0,4.959,0.086
1366,0,5.130,0.074
1367,0,4.873,0.086
1368,0,4.929,0.082
1369,0,5.061,0.066
1370,0,5.022,0.074
1371,0,5.078,0.117
1372,0,5.001,0.074
1373,0,5.056,0.074
1374,0,5.037,0.102
1375,0,4.844,0.074
1376,0,5.089,0.051
1377,0,4.799,0.086
1378,0,4.799,0.098
1379,0,5.063,0.090
1380,0,4.958,0.094
1381,0,5.093,0.066
1382,0,5.205,0.074
1383,0,4.857,0.066
1384,0,4.998,0.074
1385,0,4.878,0.070
1386,0,4.939,0.078
1387,0,5.007,0.074
1388,0,4.987,0.082
1389,0,4.924,0.070
1390,0,5.089,0.109
1391,0,4.860,0.113
1392,0,4.697,0.133
1393,0,4.808,0.117
1394,0,4.918,0.105
1395,0,5.162,0.094
1396,0,4.889,0.117
1397,0,5.153,0.094
1398,0,4.994,0.145
1399,0,5.149,0.094
1400,0,5.202,0.098
1401,0,5.039,0.066
1402,0,4.963,0.074
1403,0,4.896,0.078
1404,0,5.234,0.055
1405,0,5.119,0.055
1406,0,5.033,0.082
1407,0,5.012,0.082
1408,0,4.986,0.070
1409,0,5.196,0.086
1410,0,4.922,0.086
1411,0,4.988,0.082
1412,0,4.979,0.098
1413,0,4.972,0.078
1414,0,5.093,0.090
1415,0,4.831,0.098
1416,0,4.972,0.086
1417,0,4.828,0.086
1418,0,4.794,0.098
1419,0,4.781,0.133
1420,0,5.121,0.070
1421,0,5.074,0.094
1422,0,5.033,0.098
1423,0,4.999,0.082
1424,0,5.246,0.051
1425,0,5.008,0.105
1426,0,4.918,0.105
1427,0,5.103,0.086
1428,0,4.879,0.098
1429,0,5.189,0.070
1430,0,4.941,0.102
1431,0,5.097,0.059
1432,0,4.925,0.094
1433,0,5.026,0.082
1434,0,5.367,0.074
1435,0,5.017,0.109
1436,0,5.171,0.086
1437,0,5.049,0.086
1438,0,4.968,0.070
1439,0,5.059,0.070
1440,0,5.057,0.086
1441,0,5.276,0.082
1442,0,5.107,0.070
1443,0,4.923,0.047
1444,0,5.050,0.086
1445,0,5.107,0.094
1446,0,5.000,0.078
1447,0,5.027,0.070
1448,0,5.107,0.090
1449,0,4.919,0.082
1450,0,4.847,0.121
1451,0,4.902,0.094
1452,0,5.044,0.066
1453,0,4.970,0.086
1454,0,4.918,0.109
1455,0,4.809,0.090
1456,0,5.236,0.074
1457,0,4.976,0.109
1458,0,4.832,0.109
1459,0,4.930,0.102
1460,0,4.802,0.129
1461,0,5.201,0.074
1462,0,4.938,0.098
1463,0,4.927,0.117
1464,0,4.945,0.105
1465,0,4.790,0.090
1466,0,5.026,0.086
1467,0,4.871,0.078
1468,0,4.963,0.121
1469,0,4.833,0.102
1470,0,5.247,0.059
1471,0,4.752,0.098
1472,0,4.946,0.086
1473,0,5.020,0.082
1474,0,4.909,0.105
1475,0,5.147,0.082
1476,0,5.157,0.070
1477,0,5.049,0.074
1478,0,5.095,0.094
1479,0,4.974,0.070
1480,0,5.213,0.102
1481,0,4.899,0.094
1482,0,5.194,0.090
1483,0,5.179,0.070
1484,0,5.131,0.102
1485,0,4.879,0.082
1486,0,4.876,0.074
1487,0,5.116,0.062
1488,0,4.957,0.090
1489,0,5.184,0.098
1490,0,4.861,0.129
1491,0,4.979,0.082
1492,0,4.943,0.094
1493,0,5.044,0.070
1494,0,5.037,0.074
1495,0,4.892,0.109
1496,0,5.033,0.078
1497,0,4.998,0.090
1498,0,4.852,0.098
1499,0,4.924,0.133
1500,0,4.950,0.078
1501,0,4.921,0.090
1502,0,5.019,0.070
1503,0,5.175,0.066
1504,0,4.893,0.109
1505,0,5.303,0.078
1506,0,5.090,0.082
1507,0,4.919,0.078
1508,0,4.889,0.105
1509,0,4.988,0.086
1510,0,4.891,0.098
1511,0,5.137,0.070
1512,0,5.023,0.098
1513,0,5.161,0.055
1514,0,5.082,0.078
1515,0,5.106,0.129
1516,0,4.926,0.074
1517,0,4.962,0.074
1518,0,4.960,0.090
1519,0,4.976,0.094
1520,0,4.868,0.078
1521,0,4.938,0.078
1522,0,5.324,0.098
1523,0,4.897,0.121
1524,0,5.125,0.098
1525,0,4.987,0.086
1526,0,5.236,0.078
1527,0,5.146,0.102
1528,0,5.037,0.086
1529,0,5.167,0.074
1530,0,5.144,0.125
1531,0,4.547,0.117
1532,0,4.957,0.094
1533,0,5.078,0.098
1534,0,4.909,0.094
1535,0,5.136,0.082
1536,0,4.981,0.074
1537,0,4.778,0.109
1538,0,5.096,0.078
1539,0,4.909,0.133
1540,0,4.858,0.121
1541,0,5.041,0.105
1542,0,5.028,0.090
1543,0,4.976,0.121
1544,0,4.746,0.109
1545,0,5.069,0.109
1546,0,5.275,0.066
1547,0,4.768,0.129
1548,0,4.923,0.086
1549,0,5.030,0.066
1550,0,4.809,0.105
1551,0,4.900,0.102
1552,0,4.833,0.145
1553,0,4.889,0.117
1554,0,4.906,0.113
1555,0,4.865,0.098
1556,0,4.814,0.105
1557,0,4.749,0.145
1558,0,4.871,0.109
1559,0,5.140,0.094
1560,0,5.100,0.078
1561,0,4.799,0.078
1562,0,4.842,0.090
1563,0,4.909,0.066
1564,0,4.802,0.129
1565,0,4.798,0.148
1566,0,4.815,0.125
1567,0,5.093,0.090
1568,0,5.154,0.066
1569,0,5.008,0.094
1570,0,4.898,0.094
1571,0,5.071,0.113
1572,0,4.866,0.125
1573,0,4.853,0.090
1574,0,4.993,0.094
1575,0,4.898,0.102
1576,0,4.972,0.102
1577,0,5.177,0.070
1578,0,5.026,0.109
1579,0,4.814,0.113
1580,0,4.864,0.102
1581,0,5.027,0.098
1582,0,4.927,0.117
1583,0,4.802,0.062
1584,0,5.048,0.105
1585,0,4.894,0.090
1586,0,4.756,0.105
1587,0,5.052,0.082
1588,0,4.951,0.125
1589,0,4.940,0.105
1590,0,4.962,0.102
1591,0,5.082,0.082
1592,0,4.759,0.094
1593,0,4.987,0.066
1594,0,5.046,0.074
1595,0,4.807,0.129
1596,0,4.934,0.113
1597,0,5.014,0.113
1598,0,4.965,0.094
1599,0,5.046,0.078
1600,0,5.139,0.102
1601,0,5.046,0.105
1602,0,5.037,0.102
1603,0,5.084,0.105
1604,0,4.964,0.129
1605,0,4.889,0.113
1606,0,4.977,0.094
1607,0,4.796,0.141
1608,0,5.302,0.094
1609,0,5.043,0.105
1610,0,5.222,0.086
1611,0,4.890,0.105
1612,0,4.871,0.152
1613,0,4.975,0.152
1614,0,5.101,0.098
1615,0,4.982,0.098
1616,0,4.858,0.109
1617,0,4.935,0.105
1618,0,4.942,0.109
1619,0,4.896,0.094
1620,0,4.833,0.078
1621,0,5.111,0.121
1622,0,4.937,0.086
1623,0,4.984,0.105
1624,0,5.116,0.082
1625,0,4.786,0.137
1626,0,4.752,0.125
1627,0,4.921,0.141
1628,0,4.847,0.133
1629,0,4.836,0.105
1630,0,4.889,0.113
1631,0,4.961,0.086
1632,0,4.961,0.113
1633,0,4.976,0.098
1634,0,5.028,0.098
1635,0,5.245,0.062
1636,0,4.759,0.125
1637,0,4.649,0.129
1638,0,4.979,0.117
1639,0,5.029,0.113
1640,0,4.920,0.105
1641,0,4.908,0.121
1642,0,5.099,0.086
1643,0,4.808,0.082
1644,0,5.112,0.070
1645,0,5.127,0.105
1646,0,5.048,0.066
1647,0,4.952,0.094
1648,0,4.914,0.125
1649,0,4.931,0.094
1650,0,4.872,0.086
1651,0,5.116,0.078
1652,0,4.829,0.117
1653,0,5.075,0.078
1654,0,4.867,0.176
1655,0,5.007,0.102
1656,0,5.135,0.113
1657,0,4.976,0.129
1658,0,5.080,0.113
1659,0,5.008,0.078
1660,0,4.955,0.086
1661,0,5.030,0.090
1662,0,5.054,0.102
1663,0,4.990,0.090
1664,0,4.870,0.125
1665,0,4.975,0.113
1666,0,4.990,0.102
1667,0,5.008,0.148
1668,0,4.960,0.125
1669,0,4.731,0.094
1670,0,4.843,0.098
1671,0,5.092,0.055
1672,0,5.104,0.078
1673,0,5.068,0.098
1674,0,5.021,0.094
1675,0,5.168,0.090
1676,0,4.980,0.090
1677,0,4.681,0.082
1678,0,5.033,0.098
1679,0,5.084,0.086
1680,0,4.873,0.121
1681,0,5.073,0.090
1682,0,4.808,0.102
1683,0,5.092,0.094
1684,0,4.810,0.082
1685,0,4.923,0.113
1686,0,5.108,0.102
1687,0,4.990,0.086
1688,0,4.946,0.094
1689,0,5.094,0.117
1690,0,5.048,0.133
1691,0,5.254,0.098
1692,0,4.968,0.109
1693,0,4.873,0.082
1694,0,4.930,0.148
1695,0,4.773,0.125
1696,0,5.106,0.098
1697,0,5.089,0.082
1698,0,4.812,0.094
1699,0,5.067,0.109
1700,0,5.111,0.086
1701,0,4.792,0.121
1702,0,4.839,0.121
1703,0,5.007,0.086
1704,0,4.929,0.086
1705,0,4.934,0.094
1706,0,4.831,0.125
1707,0,4.915,0.105
1708,0,5.063,0.062
1709,0,4.916,0.098
1710,0,4.992,0.086
1711,0,4.907,0.117
1712,0,4.946,0.117
1713,0,4.787,0.094
1714,0,4.857,0.125
1715,0,4.937,0.094
1716,0,4.948,0.082
1717,0,4.952,0.121
1718,0,4.877,0.121
1719,0,5.050,0.098
1720,0,4.885,0.109
1721,0,4.867,0.113
1722,0,4.871,0.102
1723,0,4.761,0.086
1724,0,4.994,0.094
1725,0,4.847,0.125
1726,0,4.823,0.105
1727,0,4.858,0.129
1728,0,4.639,0.090
1729,0,4.881,0.078
1730,0,4.625,0.074
1731,0,4.645,0.125
1732,0,5.213,0.109
1733,0,4.677,0.113
1734,0,4.936,0.105
1735,0,5.118,0.059
1736,0,4.880,0.137
1737,0,4.858,0.145
1738,0,4.783,0.145
1739,0,4.970,0.074
1740,0,4.925,0.105
1741,0,5.054,0.074
1742,0,4.805,0.121
1743,0,4.770,0.070
1744,0,4.719,0.109
1745,0,4.976,0.102
1746,0,5.271,0.094
1747,0,4.761,0.133
1748,0,5.066,0.074
1749,0,4.724,0.152
1750,0,4.963,0.109
1751,0,4.747,0.156
1752,0,4.888,0.102
1753,0,4.974,0.082
1754,0,4.741,0.129
1755,0,4.892,0.094
1756,0,4.771,0.094
1757,0,4.969,0.109
1758,0,4.724,0.082
1759,0,5.080,0.090
1760,0,4.835,0.086
1761,0,4.822,0.105
1762,0,4.889,0.086
1763,0,4.996,0.102
1764,0,5.025,0.086
1765,0,5.101,0.090
1766,0,5.084,0.098
1767,0,5.043,0.113
1768,0,4.955,0.117
1769,0,4.793,0.098
1770,0,4.909,0.090
1771,0,4.855,0.113
1772,0,4.828,0.117
1773,0,5.078,0.105
1774,0,4.980,0.094
1775,0,4.859,0.117
1776,0,4.977,0.074
1777,0,5.008,0.086
1778,0,5.064,0.109
1779,0,5.176,0.094
1780,0,4.864,0.121
1781,0,5.022,0.090
1782,0,4.962,0.102
1783,0,4.819,0.141
1784,0,5.004,0.113
1785,0,4.810,0.133
1786,0,5.269,0.098
1787,0,4.882,0.105
1788,0,5.228,0.082
1789,0,4.862,0.125
1790,0,4.818,0.102
1791,0,4.901,0.098
1792,0,5.102,0.098
1793,0,4.847,0.105
1794,0,4.863,0.098
1795,0,4.963,0.113
1796,0,4.861,0.105
1797,0,4.920,0.102
1798,0,4.616,0.121
1799,0,4.886,0.105
1800,0,5.123,0.066
1801,0,4.762,0.168
1802,0,4.709,0.105
1803,0,4.979,0.125
1804,0,4.823,0.109
1805,0,5.042,0.129
1806,0,4.951,0.102
1807,0,4.924,0.090
1808,0,4.987,0.090
1809,0,5.003,0.098
1810,0,4.792,0.113
1811,0,4.810,0.117
1812,0,4.915,0.074
1813,0,4.893,0.145
1814,0,4.859,0.113
1815,0,4.911,0.117
1816,0,4.844,0.137
1817,0,4.883,0.082
1818,0,4.886,0.102
1819,0,4.581,0.160
1820,0,4.736,0.156
1821,0,4.886,0.113
1822,0,4.652,0.148
1823,0,5.050,0.109
1824,0,4.784,0.164
1825,0,4.995,0.113
1826,0,4.824,0.125
1827,0,4.811,0.121
1828,0,5.204,0.066
1829,0,4.928,0.098
1830,0,4.764,0.180
1831,0,4.721,0.090
1832,0,4.693,0.141
1833,0,4.907,0.086
1834,0,5.011,0.137
1835,0,4.849,0.090
1836,0,4.495,0.109
1837,0,4.824,0.109
1838,0,4.742,0.133
1839,0,4.658,0.117
1840,0,4.981,0.121
1841,0,4.966,0.113
1842,0,4.897,0.105
1843,0,4.968,0.102
1844,0,4.828,0.102
1845,0,5.042,0.086
1846,0,4.711,0.176
1847,0,4.829,0.105
1848,0,4.534,0.133
1849,0,4.970,0.125
1850,0,5.068,0.070
1851,0,5.057,0.125
1852,0,4.843,0.113
1853,0,4.698,0.102
1854,0,5.232,0.086
1855,0,5.096,0.070
1856,0,4.925,0.125
1857,0,4.878,0.117
1858,0,5.102,0.090
1859,0,4.897,0.121
1860,0,5.143,0.066
1861,0,4.948,0.090
1862,0,5.284,0.113
1863,0,5.160,0.090
1864,0,4.924,0.113
1865,0,4.868,0.129
1866,0,4.839,0.090
1867,0,4.961,0.117
1868,0,4.887,0.105
1869,0,5.197,0.074
1870,0,5.212,0.059
1871,0,4.710,0.117
1872,0,5.094,0.137
1873,0,5.096,0.102
1874,0,5.028,0.098
1875,0,5.276,0.102
1876,0,4.948,0.082
1877,0,5.160,0.066
1878,0,5.114,0.098
1879,0,5.014,0.113
1880,0,4.852,0.113
1881,0,4.929,0.125
1882,0,4.798,0.125
1883,0,5.136,0.078
1884,0,4.834,0.125
1885,0,4.920,0.156
1886,0,5.127,0.094
1887,0,4.778,0.105
1888,0,4.917,0.113
1889,0,4.849,0.133
1890,0,5.056,0.078
1891,0,4.991,0.090
1892,0,4.768,0.125
1893,0,4.878,0.121
1894,0,4.925,0.074
1895,0,5.005,0.109
1896,0,4.938,0.059
1897,0,4.886,0.133
1898,0,4.692,0.113
1899,0,5.010,0.074
1900,0,4.753,0.145
1901,0,4.984,0.098
1902,0,4.875,0.094
1903,0,4.988,0.086
1904,0,4.825,0.152
1905,0,4.813,0.121
1906,0,5.032,0.105
1907,0,4.646,0.109
1908,0,4.990,0.109
1909,0,5.106,0.094
1910,0,4.896,0.129
1911,0,4.986,0.109
1912,0,5.053,0.117
1913,0,4.637,0.125
1914,0,4.927,0.113
1915,0,5.179,0.102
1916,0,5.041,0.102
1917,0,5.235,0.062
1918,0,4.780,0.121
1919,0,5.010,0.094
1920,0,4.905,0.098
1921,0,5.070,0.098
1922,0,4.899,0.125
1923,0,4.876,0.141
1924,0,5.069,0.094
1925,0,4.980,0.133
1926,0,5.116,0.094
1927,0,4.878,0.133
1928,0,5.065,0.066
1929,0,5.075,0.090
1930,0,4.890,0.133
1931,0,4.732,0.133
1932,0,5.088,0.113
1933,0,4.909,0.102
1934,0,4.931,0.098
1935,0,4.801,0.102
1936,0,5.085,0.125
1937,0,5.104,0.098
1938,0,5.194,0.086
1939,0,4.740,0.102
1940,0,4.872,0.059
1941,0,4.971,0.137
1942,0,4.922,0.098
1943,0,4.828,0.148
1944,0,4.677,0.105
1945,0,5.032,0.117
1946,0,5.103,0.090
1947,0,4.986,0.109
1948,0,4.939,0.105
1949,0,4.890,0.117
1950,0,4.784,0.160
1951,0,5.220,0.098
1952,0,4.979,0.102
1953,0,5.111,0.082
1954,0,5.064,0.105
1955,0,5.004,0.086
1956,0,4.982,0.133
1957,0,4.729,0.121
1958,0,4.923,0.109
1959,0,4.946,0.141
1960,0,4.885,0.113
1961,0,4.882,0.117
1962,0,5.080,0.105
1963,0,5.164,0.125
1964,0,4.939,0.109
1965,0,5.025,0.094
1966,0,4.836,0.109
1967,0,4.906,0.094
1968,0,4.651,0.145
1969,0,4.984,0.117
1970,0,4.807,0.121
1971,0,4.854,0.113
1972,0,4.769,0.129
1973,0,4.846,0.141
1974,0,4.872,0.102
1975,0,4.899,0.113
1976,0,4.723,0.141
1977,0,4.924,0.117
1978,0,5.161,0.105
1979,0,4.718,0.145
1980,0,5.214,0.102
1981,0,4.862,0.117
1982,0,4.715,0.141
1983,0,4.965,0.094
1984,0,4.928,0.074
1985,0,4.944,0.117
1986,0,5.002,0.125
1987,0,5.068,0.070
1988,0,4.911,0.129
1989,0,4.964,0.105
1990,0,4.704,0.121
1991,0,4.864,0.141
1992,0,4.764,0.152
1993,0,4.988,0.113
1994,0,4.710,0.172
1995,0,4.775,0.129
1996,0,5.036,0.094
1997,0,4.940,0.094
1998,0,4.856,0.133
1999,0,4.652,0.145
2000,0,4.832,0.121
2001,0,4.903,0.090
2002,0,4.739,0.090
2003,0,4.673,0.117
2004,0,4.689,0.086
2005,0,4.718,0.117
2006,0,4.605,0.133
2007,0,4.908,0.129
2008,0,4.927,0.094
2009,0,4.831,0.117
2010,0,4.859,0.094
2011,0,5.158,0.098
2012,0,4.758,0.160
2013,0,4.489,0.160
2014,0,4.774,0.117
2015,0,4.656,0.148
2016,0,4.991,0.117
2017,0,4.841,0.098
2018,0,4.735,0.141
2019,0,4.818,0.113
2020,0,4.861,0.117
2021,0,4.592,0.191
2022,0,4.906,0.078
2023,0,4.775,0.125
2024,0,4.911,0.109
2025,0,4.752,0.137
2026,0,4.674,0.109
2027,0,4.715,0.145
2028,0,4.978,0.105
2029,0,5.014,0.098
2030,0,4.721,0.102
2031,0,4.681,0.113
2032,0,4.668,0.156
2033,0,4.758,0.133
2034,0,4.817,0.129
2035,0,4.771,0.125
2036,0,4.825,0.109
2037,0,4.839,0.125
2038,0,4.728,0.125
2039,0,4.704,0.105
2040,0,4.612,0.109
2041,0,4.529,0.160
2042,0,4.858,0.121
2043,0,5.079,0.121
2044,0,4.788,0.102
2045,0,4.635,0.145
2046,0,4.878,0.109
2047,0,4.649,0.164
2048,0,4.895,0.113
2049,0,4.713,0.125
2050,0,4.517,0.145
2051,0,4.553,0.133
2052,0,4.696,0.121
2053,0,4.993,0.105
2054,0,4.749,0.129
2055,0,4.773,0.156
2056,0,4.660,0.133
2057,0,4.718,0.086
2058,0,4.689,0.133
2059,0,4.869,0.109
2060,0,4.626,0.133
2061,0,4.867,0.113
2062,0,4.635,0.156
2063,0,4.540,0.156
2064,0,4.785,0.086
2065,0,4.893,0.121
2066,0,4.805,0.129
2067,0,4.522,0.133
2068,0,5.068,0.098
2069,0,4.815,0.129
2070,0,4.690,0.145
2071,0,4.792,0.090
2072,0,4.868,0.121
2073,0,5.205,0.078
2074,0,4.883,0.090
2075,0,5.013,0.133
2076,0,4.864,0.141
2077,0,4.532,0.172
2078,0,4.979,0.090
2079,0,5.017,0.098
2080,0,5.037,0.105
2081,0,4.950,0.090
2082,0,5.016,0.125
2083,0,4.879,0.090
2084,0,4.818,0.113
2085,0,4.723,0.145
2086,0,4.852,0.125
2087,0,4.475,0.160
2088,0,4.912,0.117
2089,0,4.737,0.117
2090,0,4.762,0.109
2091,0,4.616,0.152
2092,0,4.695,0.117
2093,0,4.829,0.117
2094,0,4.616,0.141
2095,0,4.808,0.090
2096,0,4.738,0.148
2097,0,4.697,0.129
2098,0,4.924,0.125
2099,0,4.600,0.180
2100,0,4.754,0.129
2101,0,4.787,0.117
2102,0,4.724,0.141
2103,0,5.136,0.090
2104,0,4.970,0.121
2105,0,4.963,0.098
2106,0,4.934,0.125
2107,0,4.976,0.113
2108,0,4.789,0.145
2109,0,4.858,0.109
2110,0,5.062,0.113
2111,0,4.970,0.102
2112,0,4.853,0.105
2113,0,4.841,0.148
2114,0,4.781,0.121
2115,0,4.633,0.148
2116,0,4.972,0.129
2117,0,4.837,0.109
2118,0,4.769,0.113
2119,0,4.745,0.121
2120,0,4.766,0.160
2121,0,4.503,0.148
2122,0,4.664,0.168
2123,0,4.666,0.133
2124,0,4.948,0.145
2125,0,4.820,0.113
2126,0,5.060,0.098
2127,0,4.882,0.105
2128,0,4.613,0.145
2129,0,4.740,0.145
2130,0,5.176,0.109
2131,0,4.938,0.109
2132,0,4.809,0.137
2133,0,4.708,0.129
2134,0,4.568,0.141
2135,0,4.899,0.137
2136,0,4.636,0.172
2137,0,4.916,0.105
2138,0,4.780,0.102
2139,0,4.890,0.094
2140,0,4.840,0.133
2141,0,5.204,0.098
2142,0,5.007,0.129
2143,0,4.915,0.137
2144,0,4.808,0.117
2145,0,4.770,0.113
2146,0,4.976,0.121
2147,0,4.889,0.141
2148,0,4.748,0.125
2149,0,4.736,0.141
2150,0,4.807,0.145
2151,0,4.649,0.113
2152,0,5.260,0.078
2153,0,4.995,0.129
2154,0,4.920,0.125
2155,0,4.754,0.148
2156,0,4.789,0.117
2157,0,4.899,0.098
2158,0,4.929,0.105
2159,0,4.739,0.156
2160,0,5.014,0.078
2161,0,4.836,0.145
2162,0,4.831,0.148
2163,0,4.741,0.145
2164,0,4.737,0.109
2165,0,4.981,0.109
2166,0,4.957,0.102
2167,0,4.808,0.117
2168,0,5.016,0.125
2169,0,4.547,0.148
2170,0,4.962,0.145
2171,0,4.863,0.109
2172,0,4.646,0.145
2173,0,4.851,0.164
2174,0,4.685,0.098
2175,0,5.048,0.074
2176,0,4.993,0.086
2177,0,4.696,0.117
2178,0,4.891,0.094
2179,0,5.132,0.105
2180,0,4.707,0.137
2181,0,5.059,0.129
2182,0,4.857,0.098
2183,0,4.909,0.102
2184,0,4.737,0.133
2185,0,4.673,0.113
2186,0,5.352,0.082
2187,0,5.103,0.113
2188,0,4.717,0.160
2189,0,4.819,0.086
2190,0,4.700,0.129
2191,0,4.886,0.117
2192,0,4.941,0.129
2193,0,5.041,0.109
2194,0,4.891,0.125
2195,0,5.415,0.102
2196,0,4.685,0.102
2197,0,4.882,0.152
2198,0,4.979,0.145
2199,0,5.021,0.102
2200,0,4.773,0.129
2201,0,4.976,0.105
2202,0,5.251,0.121
2203,0,4.988,0.094
2204,0,4.952,0.137
2205,0,5.004,0.133
2206,0,5.134,0.098
2207,0,4.827,0.125
2208,0,4.788,0.125
2209,0,5.083,0.086
2210,0,5.167,0.129
2211,0,4.778,0.137
2212,0,4.992,0.168
